## 5-Consultas de la base de datos
### 5.2-Consultas sencillas


#### 1. Mostrar todos los datos de los artistas

```sql
SELECT * FROM artistas;
```
Resultado:
```
 id_artistas |         nombre         |     agencia     | fecha_turno | id_cartel | id_agenda
-------------+------------------------+-----------------+-------------+-----------+-----------
           1 | Samantha Hudson        | AltaFonte Spain | 2021-07-06  |         1 |         1
           2 | Supremme de Luxe       | Diferenza Music | 2021-07-07  |         2 |         2
           3 | Ger                    | Big Creators    | 2021-07-08  |         3 |         3
           4 | Carolina Iglesias      | NeoAttack       | 2021-07-06  |         1 |         1
           5 | Victoria Martín        | NeoAttack       | 2021-07-06  |         1 |         1
...
          43 | BTS                    | StartUp         | 2021-07-08  |         3 |         3
          44 | Estopa                 | PUF             | 2021-07-08  |         3 |         3
          45 | Loona                  | NeoAttack       | 2021-07-08  |         3 |         3
          46 | TWICE                  | StartUp         | 2021-07-08  |         3 |         3
(46 rows)
```

#### 2. Enseñar todos los dintintos colores oficiales de los cantantes

```sql
SELECT DISTINCT color_oficial FROM cantante;
```
Resultado:
```
 color_oficial
---------------

 Verde
 Morado
 Hot Pink
 Naranja
 Azul
 Negro
 Rojo
 Gris
 Amarillo
 Rosa
(11 rows)
```

#### 3. Enseñar por orden alfabético a los artistas.

```sql
SELECT nombre FROM artistas ORDER BY nombre;
```
Resultado:
```
         nombre
------------------------
 Abi Power
 Andrea Compton
 Ariana Grande
 Arturo González-Campos
 BOBBY
 ...
  TWICE
 Uy Albert
 Victoria Martín
 Yapura Meri
(46 rows)
```

#### 4. Mostrar los id de las celebridades que trabajan como youtubers.

```sql
SELECT id_celebridad, campo_trabajo FROM campo_trabajo WHERE campo_trabajo = 'Youtube';
```
Resultado:
```
 id_celebridad | campo_trabajo
---------------+---------------
             5 | Youtube
             6 | Youtube
             8 | Youtube
(3 rows)
```

#### 5. Mostrar los códigos QR que empiecen por L o por Q.

```sql
SELECT codigo_QR, id_celebridad FROM invitacion WHERE codigo_QR LIKE 'L%' OR codigo_QR LIKE 'Q%';
```
Resultado:
```
  codigo_qr  | id_celebridad
-------------+---------------
 LJ245345CO0 |             1
 LP245445COL |             2
 QW244375CLP |             5
 QE24BD45CO3 |             6
(4 rows)
```

#### 6. El cartel que supere el presupuesto de 200 euros

```sql
SELECT id_cartel, presupuesto FROM cartel WHERE presupuesto > 200;
```
Resultado:
```
 id_cartel | presupuesto
-----------+-------------
         2 |         500
         3 |         350
(2 rows)
```

#### 7. Artistas que empiecen por la letra D

```sql
SELECT nombre, id_artistas FROM artistas WHERE nombre LIKE 'D%';
```
Resultado:
```
     nombre     | id_artistas
----------------+-------------
 Dua Lipa       |          23
 DEAN           |          27
 Destiny Rogers |          39
 Doja Cat       |          40
(4 rows)
```

#### 8. Las id de los solistas que no tienen bailarines

```sql
SELECT id_solista FROM solista WHERE num_bailarines IS NULL;
```
Resultado:
```
 id_solista
------------
          5
          8
(2 rows)
```

#### 9. Mostrar los artistas que participaran en el segundo día del festival

```sql
SELECT id_artistas, nombre, agencia FROM artistas WHERE fecha_turno = '2021-07-07';
```
Resultado:
```
 id_artistas |        nombre         |     agencia
-------------+-----------------------+-----------------
           2 | Supremme de Luxe      | Diferenza Music
          11 | Perra de Satán        | PUF
          12 | Esnorkel              | PS Management
          13 | Inés Hernand          | StartUp
          14 | Brays Efe             | PS Management
          15 | Abi Power             | Zenith
          16 | Chynthia Lee Fontaine | PUF
          17 | Liry Onni             | Zenith
          18 | Yapura Meri           | StartUp
          31 | Jackson Wang          | PS Management
          32 | Rosalía               | PUF
          33 | Bad Bunny             | StartUp
          34 | Jessi                 | LatMusic
          35 | Stray Kids            | Big Creators
          36 | PURPLE KISS           | StartUp
(15 rows)
```

#### 10. Vestuario que no trabaje con una marca de ropa en epecifico

```sql
SELECT nombre, contacto, red_social FROM vestuario WHERE marca_ropa IS NULL;
```
Resultado:
```
   nombre    |        contacto        | red_social
-------------+------------------------+------------
 Wisdom Kaye | wis_a_kaye@hotmail.com | @wisdm
(1 row)
```

#### 11. Fans que estén inscritos desde 2018

```sql
SELECT * FROM fan WHERE fecha_inscripcion BETWEEN '2018-01-01' AND NOW();
```
Resultado:
```
 id_fan |     nombre      | fecha_inscripcion | estatus | id_fanclub
--------+-----------------+-------------------+---------+------------
      4 | Mirem Navarrete | 2019-05-17        | Bronce  |          2
(1 row)
```

#### 12. Speakers que tengan la charla de Villanos o Personajes

```sql
SELECT * FROM speaker WHERE tema_charla = 'Villanos' OR tema_charla = 'Personajes';
```
Resultado:
```
 id_speaker | tema_charla | id_artistas
------------+-------------+-------------
         12 | Personajes  |          15
         13 | Personajes  |          16
         16 | Villanos    |          19
         17 | Villanos    |          20
         18 | Villanos    |          21
         19 | Villanos    |          22
(6 rows)
```

#### 13. Total de cantantes que tengan como maquilladora a Mika Teyuta

```sql
SELECT COUNT(id_cantante) as "Total cantantes", id_maquillador FROM cantante WHERE id_maquillador = 4 GROUP BY id_maquillador;
```
Resultado:
```
 Total cantantes | id_maquillador
-----------------+----------------
               6 |              4
(1 row)
```

#### 14. Grupos de música que tengan de 5 a 9 miembros

```sql
SELECT * FROM grupo WHERE num_integrantes BETWEEN 5 AND 9;
```
Resultado:
```
 id_grupo | num_integrantes | id_cantante
----------+-----------------+-------------
        3 |               8 |          13
        4 |               9 |          14
        5 |               5 |          20
        6 |               7 |          21
        9 |               9 |          24
(5 rows)
```

#### 15. Cantante que hayan debutado en cualquier fecha menos en 2015

```sql
SELECT id_cantante, fecha_debut FROM cantante WHERE DATE_PART('year', fecha_debut) != 2015 AND fecha_debut IS NOT NULL;
```
Resultado:
```
 id_cantante | fecha_debut
-------------+-------------
           2 | 2017-05-23
           3 | 2011-02-12
           4 | 2018-09-14
           5 | 2012-05-08
           6 | 2017-02-28
           8 | 2009-12-08
...
          18 | 2020-04-27
          19 | 2018-03-16
          22 | 2006-11-24
          24 | 2017-01-13
(18 rows)
```

#### 15. Cantante que hayan debutado mas tarde

```sql
SELECT id_cantante, fecha_debut FROM cantante WHERE fecha_debut IS NOT NULL 
ORDER BY fecha_debut DESC 
LIMIT 1;
```
Resultado:
```
 id_cantante | fecha_debut
-------------+-------------
          14 | 2021-02-27
(1 row)
```

#### 16. Las celebridades que no trabajen en el cine

```sql
SELECT * FROM campo_trabajo WHERE campo_trabajo NOT LIKE 'Cine';
```
Resultado:
```
 campo_trabajo | id_celebridad
---------------+---------------
 Series        |             4
 Youtube       |             5
 Youtube       |             6
 Espectaculo   |             7
 Youtube       |             8
 Series        |             1
 Series        |             2
(7 rows)
```

#### 17. Cantantes que hayan debutado en diciembre o en abril

```sql
SELECT id_cantante, fecha_debut FROM cantante WHERE DATE_PART('month', fecha_debut) IN (04,12);
```
Resultado:
```
 id_cantante | fecha_debut
-------------+-------------
           8 | 2009-12-08
          18 | 2020-04-27
(2 rows)
```