## 5-Consultas de la base de datos
### 5.4-Consultas con subconsultas


##### Sin JOINS
#### 1. Nombre de los artistas que presentarán el festival.

```sql
SELECT nombre, id_artistas
FROM  artistas
WHERE id_artistas IN (
        SELECT id_artistas FROM presentador);
```
Resultado:
```
      nombre      | id_artistas
------------------+-------------
 Samantha Hudson  |           1
 Supremme de Luxe |           2
 Ger              |           3
(3 rows)
```

#### 2. Mostrar los datos del diseñador que realiza en cartel para el día 3.

```sql
SELECT *
FROM  diseñador
WHERE id_diseñador IN (
        SELECT id_diseñador FROM cartel
        WHERE fecha = '2021-07-8');
```
Resultado:
```
 id_diseñador |   nombre    |  red_social
--------------+-------------+---------------
            3 | Lith Galera | @lilithgalera
(1 row)
```

#### 3. Mostrar los datos del horario que corresponde a la agenda donde está previsto que haya 4 charlas.

```sql
SELECT fecha, hora, descripcion_evento
FROM  horario
WHERE id_agenda IN (
        SELECT id_agenda FROM agenda
        WHERE prevision_dia LIKE '%4 charlas%');
```
Resultado:
```
   fecha    |  hora   |   descripcion_evento
------------+---------+-------------------------
 2021-07-07 | 09:00AM | Charla "Tóxicas"
 2021-07-07 | 13:00PM | Charla "Series Míticas"
 2021-07-07 | 20:00PM | Concierto Jackson Wang"
(3 rows)
```

#### 4. Muestra solo el nombre de las celebridades que trabajen como actores o actrices.

```sql
SELECT SPLIT_PART(nombre, ' ', 1) "Celebridad"
FROM  celebridades
WHERE id_celebridad IN (
        SELECT id_celebridad FROM actor_actriz);
```
Resultado:
```
 Celebridad
------------
 Miguel
 Zendaya
 Barbie
 Anya
(4 rows)
```

#### 5. Muestra los datos de las celebridades que trabajan en el mundo del espectáculo.

```sql
SELECT *
FROM  celebridades
WHERE id_celebridad IN (
        SELECT id_celebridad FROM campo_trabajo
        WHERE campo_trabajo = 'Espectaculo');
```
Resultado:
```
 id_celebridad |     nombre
---------------+-----------------
             7 | Plastique Tiara
(1 row)
```

#### 6. Las invitaciones que tienen las celebridades que son youtubers y que no asisten en el segundo día del festival.

```sql
SELECT id_invitacion, codigo_QR, fecha
FROM  invitacion
WHERE id_celebridad IN (
        SELECT id_celebridad FROM campo_trabajo
        WHERE campo_trabajo = 'Youtube')
     AND fecha != '2021-07-07'
     ORDER BY fecha;
```
Resultado:
```
 id_invitacion |  codigo_qr  |   fecha
---------------+-------------+------------
             5 | QW244375CLP | 2021-07-06
             8 | DE44534567G | 2021-07-06
             6 | QE24BD45CO3 | 2021-07-08
(3 rows)
```

#### 7. Los cantantes que pertenecen a la agencia de Big Creators.

```sql
SELECT id_artistas, nombre, agencia
FROM  artistas
WHERE id_artistas IN (
        SELECT id_artistas FROM cantante
        WHERE agencia = 'Big Creators');
```
Resultado:
```
 id_artistas |   nombre   |   agencia
-------------+------------+--------------
          35 | Stray Kids | Big Creators
          42 | ITZY       | Big Creators
(2 rows)
```

#### 8. Los speakers que aparecen en el cartel con un presupuesto menor a 400€.

```sql
SELECT id_artistas, nombre, agencia, id_cartel
FROM  artistas
WHERE id_cartel IN (
        SELECT id_cartel FROM cartel
        WHERE presupuesto<400)
AND id_artistas IN (
        SELECT id_artistas FROM speaker);
```
Resultado:
```
 id_artistas |         nombre         |     agencia     | id_cartel
-------------+------------------------+-----------------+-----------
           4 | Carolina Iglesias      | NeoAttack       |         1
           5 | Victoria Martín        | NeoAttack       |         1
           6 | MimiXXL                | Zenith          |         1
           7 | Uy Albert              | Action Catalyst |         1
           8 | Fizpireta              | NeoAttack       |         1
           9 | Andrea Compton         | StartUp         |         1
          10 | Berry                  | PS Management   |         1
          19 | Rodrigo Cortes         | StartUp         |         3
          20 | Javier Cansado         | NeoAttack       |         3
          21 | Juan Gómez-Jurado      | Zenith          |         3
          22 | Arturo González-Campos | NeoAttack       |         3
(11 rows)
```

#### 9. Cuantos cantantes hay por agencia que el género musical no sea pop.

```sql
SELECT COUNT(*) as "Total cantantes", agencia
FROM  artistas
WHERE id_artistas IN (
        SELECT id_artistas FROM cantante
        WHERE genero_musical NOT LIKE 'Pop%')
GROUP BY agencia;
```
Resultado:
```
 Total cantantes |     agencia
-----------------+-----------------
               2 | NeoAttack
               2 | Big Creators
               2 | StartUp
               1 | Diferenza Music
               5 | LatMusic
               3 | PUF
(6 rows)
```

#### 10. Cuantos cantantes hay que formen parte de un grupo que tenga como color oficial el naranja o el rojo.

```sql
SELECT COUNT(*) as "Total grupos", color_oficial
FROM  cantante
WHERE id_cantante IN (
        SELECT id_cantante FROM grupo)
AND color_oficial = 'Naranja' OR color_oficial = 'Rojo'
GROUP BY color_oficial;
```
Resultado:
```
 Total grupos | color_oficial
--------------+---------------
            2 | Naranja
            3 | Rojo
(2 rows)
```

##### Con JOINS
#### 1. Mostrar el nombre de los encargados de vestuario y de maquillaje que se encargan de los cantantes que pertenecen a grupos.

```sql
SELECT m.nombre as "Maquillador",
       v.nombre as "Vestuario", 
       ar.nombre as "Grupo de música"
FROM artistas ar
    JOIN cantante c ON (c.id_artistas = ar.id_artistas)
    JOIN vestuario v ON (c.id_vestuario = v.id_vestuario)
    JOIN maquillador m ON (c.id_maquillador = m.id_maquillador)
    JOIN grupo g ON (g.id_cantante = c.id_cantante)
ORDER BY m.nombre ASC, v.nombre ASC;
```
Resultado:
```
   Maquillador   |   Vestuario    | Grupo de música
-----------------+----------------+-----------------
 Ariel Reck      | Mika Teyuta    | Estopa
 Ariel Reck      | Violet Chachki | Jonas Brothers
 Mika Teyuta     | Mika Teyuta    | ITZY
 Mika Teyuta     | Mika Teyuta    | Stray Kids
 Raquel Barrajón | Mika Teyuta    | TWICE
 Raquel Barrajón | Wisdom Kaye    | PURPLE KISS
 Raquel Barrajón | Wisdom Kaye    | MAMAMOO
 Trixie Mattel   | Mika Teyuta    | Loona
 Trixie Mattel   | Wisdom Kaye    | BTS
(9 rows)
```

#### 2. Mostrar los solistas de cantantes que coinciden en fecha con la presentadora Samantha Hudson.

```sql
SELECT ar1.nombre as "Solsitas", 
       ar2.nombre as "Presentador", 
       ar1.fecha_turno as "Fecha"
FROM artistas ar1
    JOIN artistas ar2 ON (ar1.fecha_turno = ar2.fecha_turno AND ar2.nombre = 'Samantha Hudson')
    JOIN cantante c ON (c.id_artistas = ar1.id_artistas)
    JOIN solista s ON (s.id_cantante = c.id_cantante)
    group by (ar1.nombre, ar2.nombre, ar1.fecha_turno);
```
Resultado:
```
   Solsitas   |   Presentador   |   Fecha
--------------+-----------------+------------
 BOBBY        | Samantha Hudson | 2021-07-06
 DEAN         | Samantha Hudson | 2021-07-06
 Dua Lipa     | Samantha Hudson | 2021-07-06
 Lil Nas X    | Samantha Hudson | 2021-07-06
 Nathy Peluso | Samantha Hudson | 2021-07-06
(5 rows)
```

#### 3. Mostrar el total de artistas que hay por categoría. *

```sql
SELECT COUNT(p.*) as "Presentadores", 
       COUNT(s.*) as "Speaker", 
       COUNT(c.*) as "Total cantantes", 
       COUNT(so.*) as "Solsitas", 
       COUNT(g.*) as "Grupos"
FROM artistas ar
    JOIN presentador p ON (ar.id_artistas = p.id_artistas)
    JOIN speaker s ON (ar.id_artistas = s.id_artistas)
    JOIN cantante c ON (ar.id_artistas = c.id_artistas)
    JOIN solista so ON (so.id_cantante = c.id_cantante)
    JOIN grupo g ON (g.id_cantante =c.id_cantante);


SELECT COUNT(p.id_presentador) as "Presentadores"
FROM artistas ar
    JOIN presentador p ON (ar.id_artistas = p.id_artistas);

```
Resultado:
```
 Presentadores | Speaker | Total cantantes | Solsitas | Grupos
---------------+---------+-----------------+----------+--------
             0 |       0 |               0 |        0 |      0
(1 row)
```

#### 4. Mostrar los datos de los solistas que actúan junto a Rosalía.

```sql
SELECT ar1.id_artistas, ar1.nombre, ar1.agencia
FROM artistas ar1
    JOIN artistas ar2 ON (ar1.fecha_turno = ar2.fecha_turno AND ar2.nombre = 'Rosalía')
    JOIN cantante c ON (c.id_artistas = ar1.id_artistas)
    JOIN solista s ON (s.id_cantante = c.id_cantante)
WHERE ar1.nombre != 'Rosalía';

```
Resultado:
```
 id_artistas |    nombre    |    agencia
-------------+--------------+---------------
          31 | Jackson Wang | PS Management
          33 | Bad Bunny    | StartUp
          34 | Jessi        | LatMusic
(3 rows)
```

#### 5. Mostrar el número de artistas que hay por empresa pero que sean solo speakers.

```sql
SELECT COUNT(*) as "Total Speakers", ar.agencia
FROM artistas ar
        JOIN speaker s ON (ar.id_artistas = s.id_artistas)
GROUP BY ar.agencia;

```
Resultado:
```
 Total Speakers |     agencia
----------------+-----------------
              5 | NeoAttack
              4 | StartUp
              4 | Zenith
              1 | Action Catalyst
              3 | PS Management
              2 | PUF
(6 rows)
```

#### 6. Mostrar los artistas que aparecen en el cartel creado por Mario Lería.

```sql
SELECT ar.nombre, ar.agencia, ar.id_cartel
FROM artistas ar
        JOIN cartel c ON (ar.id_cartel = c.id_cartel)
        JOIN diseñador d ON (d.id_diseñador = c.id_diseñador AND d.nombre = 'Mario Lería');

```
Resultado:
```
      nombre       |     agencia     | id_cartel
-------------------+-----------------+-----------
 Samantha Hudson   | AltaFonte Spain |         1
 Carolina Iglesias | NeoAttack       |         1
 Victoria Martín   | NeoAttack       |         1
 MimiXXL           | Zenith          |         1
 Uy Albert         | Action Catalyst |         1
...
 DEAN              | Diferenza Music |         1
 BOBBY             | LatMusic        |         1
 MAMAMOO           | StartUp         |         1
 Jonas Brothers    | Action Catalyst |         1
(16 rows)
```

#### 7. Los actores que está invitados, ¿sus agencias coinciden con la de algún artista?

```sql
SELECT c.nombre as "Actor", ac.agencia as "Agencia actor", ar.agencia as "Agencia Artistas"
FROM celebridades c
        JOIN actor_actriz ac ON (ac.id_celebridad = c.id_celebridad)
        JOIN invitacion i ON (i.id_celebridad = c.id_celebridad)
        JOIN agenda a ON (a.id_agenda = i.id_agenda)
        JOIN artistas ar ON (a.id_agenda = ar.id_agenda AND ar.agencia = ac.agencia)
        GROUP BY c.nombre, ac.agencia, ar.agencia;
```
Resultado:
```
          Actor          | Agencia actor | Agencia Artistas
-------------------------+---------------+------------------
 Anya Taylor-Joy         | StartUp       | StartUp
 Barbie Ferreira         | PS Management | PS Management
 Miguel Ánguel Silvestre | StartUp       | StartUp
 Zendaya                 | NeoAttack     | NeoAttack
(4 rows)
```
 -Si cambiásemos la agencia de por ejemplo Zendaya:
```sql
UPDATE actor_actriz SET agencia='MoreTalent' WHERE id_act=2; 
```
Resultado:
```
          Actor          | Agencia actor | Agencia Artistas
-------------------------+---------------+------------------
 Anya Taylor-Joy         | StartUp       | StartUp
 Barbie Ferreira         | PS Management | PS Management
 Miguel Ánguel Silvestre | StartUp       | StartUp
(3 rows)
```

#### 8. Muestra un solista, un grupo y un influencer que vayan a asistir al festival en el mismo día.

```sql
SELECT ce.nombre as "Influencer", ar1.nombre as "Solista", ar2.nombre "Grupo"
FROM celebridades ce
        JOIN influencer inf ON (inf.id_celebridad = ce.id_celebridad)
        JOIN invitacion i ON (i.id_celebridad = ce.id_celebridad)
        JOIN agenda a ON (a.id_agenda = i.id_agenda)
        JOIN artistas ar1 ON (a.id_agenda = ar1.id_agenda)
        JOIN artistas ar2 ON (a.id_agenda = ar1.id_agenda)
        JOIN cantante c1 ON (c1.id_artistas = ar1.id_artistas)
        JOIN solista s ON (s.id_cantante = c1.id_cantante)
        JOIN cantante c2 ON (c2.id_artistas = ar2.id_artistas)
        JOIN grupo g ON (g.id_cantante = c2.id_cantante)
WHERE i.fecha = ar1.fecha_turno AND i.fecha = ar2.fecha_turno
group by (ce.nombre,ar1.nombre,ar2.nombre)
LIMIT 1;
```
Resultado:
```
 Influencer  |  Solista  | Grupo
-------------+-----------+-------
 Holly Molly | C.Tangana | BTS
(1 row)
```

#### 9. Los datos de los spekears que dan las charlas de Tarot y choques culturales y de su presentador correspondiente.

```sql
SELECT ar1.nombre as "Spekear", s.tema_charla, ar2.nombre as "Presentadora", ar2.fecha_turno
FROM artistas ar1
        JOIN speaker s ON (s.id_artistas = ar1.id_artistas)
        JOIN artistas ar2 ON (ar2.fecha_turno = ar1.fecha_turno)
        JOIN presentador p ON (p.id_artistas = ar2.id_artistas)
WHERE s.tema_charla LIKE 'Tarot%' OR s.tema_charla LIKE 'Choques culturales';
```
Resultado:
```
    Spekear     |    tema_charla     |   Presentadora   | fecha_turno
----------------+--------------------+------------------+-------------
 Uy Albert      | Tarot con oyentes  | Samantha Hudson  | 2021-07-06
 Fizpireta      | Tarot con oyentes  | Samantha Hudson  | 2021-07-06
 Andrea Compton | Tarot con oyentes  | Samantha Hudson  | 2021-07-06
 Berry          | Tarot con oyentes  | Samantha Hudson  | 2021-07-06
 Liry Onni      | Choques culturales | Supremme de Luxe | 2021-07-07
 Yapura Meri    | Choques culturales | Supremme de Luxe | 2021-07-07
(6 rows)
```

#### 10. La empresa que tenga más artistas.

```sql
SELECT ar1.nombre as "Spekear", s.tema_charla, ar2.nombre as "Presentadora", ar2.fecha_turno
FROM artistas ar1
        JOIN speaker s ON (s.id_artistas = ar1.id_artistas)
        JOIN artistas ar2 ON (ar2.fecha_turno = ar1.fecha_turno)
        JOIN presentador p ON (p.id_artistas = ar2.id_artistas)
WHERE s.tema_charla LIKE 'Tarot%' OR s.tema_charla LIKE 'Choques culturales';
```
Resultado:
```
    Spekear     |    tema_charla     |   Presentadora   | fecha_turno
----------------+--------------------+------------------+-------------
 Uy Albert      | Tarot con oyentes  | Samantha Hudson  | 2021-07-06
 Fizpireta      | Tarot con oyentes  | Samantha Hudson  | 2021-07-06
 Andrea Compton | Tarot con oyentes  | Samantha Hudson  | 2021-07-06
 Berry          | Tarot con oyentes  | Samantha Hudson  | 2021-07-06
 Liry Onni      | Choques culturales | Supremme de Luxe | 2021-07-07
 Yapura Meri    | Choques culturales | Supremme de Luxe | 2021-07-07
(6 rows)
```

#### 11. Cuales cantantes tiene un fanclub oficialmente registrado.

```sql
SELECT ar.nombre as "Cantante", f.nombre as "Fanclub"
FROM artistas ar
        JOIN cantante c ON (c.id_artistas = ar.id_artistas)
        JOIN fanclub f ON (f.id_cantante = c.id_cantante);
```
Resultado:
```
 Cantante | Fanclub
----------+---------
 Dua Lipa | Loves
 MAMAMOO  | MOMOO
(2 rows)
```

#### 12. Cuales fanclubs tienen mínimo 2 fan registradas y 1 proyecto llevado por alguno de esos fans.

```sql
SELECT ar.nombre as "Cantante", f.nombre as "Fanclub", COUNT(fn.*) as "Fans", COUNT(p.*) as "Proyectos"
FROM artistas ar
        JOIN cantante c ON (c.id_artistas = ar.id_artistas)
        JOIN fanclub f ON (f.id_cantante = c.id_cantante)
        JOIN fan fn ON (f.id_fanclub = fn.id_fanclub)
        JOIN proyecto p ON (p.id_fan = fn.id_fan)
GROUP BY (f.nombre,ar.nombre)
HAVING COUNT(fn.*) > 1 AND COUNT(p.*) > 0;
```
Resultado:
```
 Cantante | Fanclub | Fans | Proyectos
----------+---------+------+-----------
 MAMAMOO  | MOMOO   |    4 |         2
(1 row)
```

#### 13. Los colores oficiales solo de los cantantes solista si es que tienen y empiecen por la letra R tanto su nombre como el del color.

```sql
SELECT ar.nombre as "Solista", c.color_oficial
FROM artistas ar
        JOIN cantante c ON (c.id_artistas = ar.id_artistas)
        JOIN solista s ON (s.id_cantante = c.id_cantante)
WHERE c.color_oficial IS NOT NULL AND c.color_oficial LIKE 'R%' AND ar.nombre LIKE 'R%';
```
Resultado:
```
 Solista | color_oficial
---------+---------------
 Rosalía | Rojo
(1 row)
```

#### 14. Muestre los cantantes que sean grupos, que hayan debutado despues de 2014 pero su género de música no sea pop. También tiene que aparecer en el cartel del 3 día.

```sql
SELECT ar.nombre as "Grupo", ar.agencia, c.genero_musical, c.fecha_debut, ar.id_cartel
FROM artistas ar
        JOIN cantante c ON (c.id_artistas = ar.id_artistas)
        JOIN grupo g ON (g.id_cantante = c.id_cantante)
WHERE DATE_PART('year', c.fecha_debut) > 2014 AND c.genero_musical NOT LIKE 'Pop%' AND ar.id_cartel = 3;
```
Resultado:
```
 Grupo | agencia | genero_musical | fecha_debut | id_cartel
-------+---------+----------------+-------------+-----------
 TWICE | StartUp | Retro          | 2017-01-13  |         3
(1 row)
```

#### 15. ¿Hay algún estilista que sea de vestuario y maquillaje a la vez?

```sql
SELECT v.nombre, v.id_vestuario, m.nombre, m.id_maquillador
FROM cantante c
        JOIN vestuario v ON (c.id_vestuario = v.id_vestuario)
        JOIN maquillador m ON (c.id_maquillador = m.id_maquillador)
WHERE v.nombre = m.nombre
GROUP BY v.nombre, v.id_vestuario, m.nombre, m.id_maquillador;
```
Resultado:
```
   nombre    | id_vestuario |   nombre    | id_maquillador
-------------+--------------+-------------+----------------
 Mika Teyuta |            2 | Mika Teyuta |              4
(1 row)
```
